{"cameraMode":{"drawMode":0,"name":"Shaded","section":"Shading Mode"},"sceneLighting":false,"audioPlay":false,"sceneViewState":{"m_AlwaysRefresh":false,"showFog":true,"showSkybox":false,"showFlares":true,"showImageEffects":true,"showParticleSystems":true,"showVisualEffectGraphs":true,"m_FxEnabled":true},"in2DMode":false,"pivot":{"x":-1.7834453582763672,"y":1.4226398468017579,"z":1.2972795963287354},"rotation":{"x":0.046327169984579089,"y":-0.6386052966117859,"z":0.03855745121836662,"w":0.767180860042572},"size":1.8346184492111207,"orthographic":false}